{
  "length_kruskal": {
    "H": 0.5496323529414995,
    "p": 0.7597117632875512
  },
  "position_kruskal": {
    "H": 2.591123949580139,
    "p": 0.6283962802205332
  },
  "length_asr_correlation": {
    "rho": 0.04210206685678798,
    "p": 0.46752795911992595
  },
  "middle_vs_edges": {
    "U": 3720.0,
    "p": 0.43439090759948895,
    "middle_mean": 0.1,
    "edges_mean": 0.06666666666666667
  },
  "start_vs_middle_cohens_d": -0.18909673650694178
}